Date,Time,Step Number,Step Name,Status
2025-11-30,16:57,1,Database Configuration,DEV
2025-11-30,17:30,1,Database Configuration,START-TESTS
2025-11-30,18:00,1,Database Configuration,DOCS
2025-11-30,18:15,3,Database Connection Configuration,DEV
2025-11-30,18:30,3,Database Connection Configuration,START-TESTS
2025-11-30,18:35,3,Database Connection Configuration,PLAN-CREATE
2025-11-30,18:40,3,Database Connection Configuration,PLAN-IMPLEMENT
2025-11-30,18:50,3,Database Connection Configuration,DOCS
2025-11-30,19:00,4,OAuth 2.0 Google Authentication,DEV
2025-11-30,19:15,4,OAuth 2.0 Google Authentication,START-TESTS
2025-11-30,19:20,4,OAuth 2.0 Google Authentication,PLAN-CREATE
2025-11-30,19:25,4,OAuth 2.0 Google Authentication,PLAN-IMPLEMENT
2025-11-30,19:45,4,OAuth 2.0 Google Authentication,DOCS
2025-11-30,21:00,5,React Frontend Project,DEV
2025-11-30,21:01,5,React Frontend Project,START-TESTS
2025-11-30,21:02,5,React Frontend Project,PLAN-CREATE
2025-11-30,21:03,5,React Frontend Project,PLAN-IMPLEMENT
2025-11-30,21:10,5,React Frontend Project,DOCS
2025-12-01,07:07,6,Admin Navigation and User Table Page,DEV
2025-12-01,07:30,6,Admin Navigation and User Table Page,START-TESTS
2025-12-01,07:45,6,Admin Navigation and User Table Page,DOCS
2025-12-02,10:30,7,Photo Table Page,DEV
2025-12-02,10:45,7,Photo Table Page,START-TESTS
2025-12-02,11:00,7,Photo Table Page,PLAN-CREATE
2025-12-02,11:30,7,Photo Table Page,PLAN-IMPLEMENT
2025-12-02,12:50,7,Photo Table Page,CURRENT-TESTS
2025-12-02,12:56,7,Photo Table Page,ALL-TESTS
2025-12-02,13:15,7,Photo Table Page,DOCS
2025-12-02,20:35,8,Modify Columns Dialog,DEV
2025-12-02,20:35,8,Modify Columns Dialog,START-TESTS
2025-12-02,20:37,8,Modify Columns Dialog,PLAN-CREATE
2025-12-02,20:38,8,Modify Columns Dialog,PLAN-IMPLEMENT
2025-12-02,20:38,8,Modify Columns Dialog,CURRENT-TESTS
2025-12-02,20:38,8,Modify Columns Dialog,ALL-TESTS
2025-12-02,20:39,8,Modify Columns Dialog,DOCS
2025-12-02,20:42,9,User Access Dialog,DEV
2025-12-03,07:02,9,User Access Dialog,START-TESTS
2025-12-03,07:03,9,User Access Dialog,PLAN-CREATE
2025-12-03,07:03,9,User Access Dialog,PLAN-IMPLEMENT
2025-12-03,07:05,9,User Access Dialog,CURRENT-TESTS
2025-12-03,07:05,9,User Access Dialog,ALL-TESTS
2025-12-03,07:06,9,User Access Dialog,DOCS
2025-12-03,08:15,10,Image Display Page,DEV
2025-12-03,08:33,10,Image Display Page,START-TESTS
2025-12-03,08:40,10,Image Display Page,PLAN-CREATE
2025-12-03,08:41,10,Image Display Page,PLAN-IMPLEMENT
2025-12-03,08:42,10,Image Display Page,CURRENT-TESTS
2025-12-03,09:00,10,Image Display Page,ALL-TESTS
2025-12-03,09:15,10,Image Display Page,DOCS
2025-12-03,09:20,11,Scripts Table Page,DEV
2025-12-03,09:25,11,Scripts Table Page,START-TESTS
2025-12-03,09:30,11,Scripts Table Page,PLAN-CREATE
2025-12-03,12:45,11,Scripts Table Page,PLAN-IMPLEMENT
2025-12-03,13:04,11,Scripts Table Page,CURRENT-TESTS
2025-12-03,13:09,11,Scripts Table Page,ALL-TESTS
2025-12-03,13:30,11,Scripts Table Page,DOCS
2025-12-03,13:35,12,Edit Script Dialog,DEV
2025-12-03,13:40,12,Edit Script Dialog,START-TESTS
2025-12-03,13:45,12,Edit Script Dialog,PLAN-CREATE
2025-12-03,14:00,12,Edit Script Dialog,PLAN-IMPLEMENT
2025-12-03,14:15,12,Edit Script Dialog,CURRENT-TESTS
2025-12-03,14:20,12,Edit Script Dialog,ALL-TESTS
2025-12-03,14:25,12,Edit Script Dialog,DOCS
2025-12-03,14:30,13,Configuration Management Page,DEV
2025-12-03,14:35,13,Configuration Management Page,START-TESTS
2025-12-03,14:40,13,Configuration Management Page,PLAN-CREATE
2025-12-03,14:45,13,Configuration Management Page,PLAN-IMPLEMENT
2025-12-03,14:50,13,Configuration Management Page,CURRENT-TESTS
2025-12-03,14:55,13,Configuration Management Page,ALL-TESTS
2025-12-03,15:00,13,Configuration Management Page,DOCS2025-12-04,07:45,14,Git Repository Polling Service,DEV
2025-12-04,07:50,14,Git Repository Polling Service,START-TESTS
2025-12-04,07:55,14,Git Repository Polling Service,PLAN-CREATE
2025-12-04,08:00,14,Git Repository Polling Service,PLAN-IMPLEMENT
2025-12-04,08:05,14,Git Repository Polling Service,CURRENT-TESTS
2025-12-04,08:10,14,Git Repository Polling Service,ALL-TESTS
2025-12-04,08:15,14,Git Repository Polling Service,DOCS
